isos,enu_tfec_total_pc,enu_trp_total_pc,enu_hhcops_elec_pc,enu_hhcops_total_pc,ns_prosupp_pc,ns_hale,ns_unempl,ns_edu_bas,ns_h20_acc,ns_san_acc,ns_undernourished,ns_pov_gap_320,ns_pov_hcratio_nationalline,ns_doctors,ps_roadkm_pc,ps_gini,ps_gdp_ppp_pc,ps_ge,ps_va,ps_growth,ps_xpd_hlth_gov2tot,ps_xpd_gov_edu2tot,ps_soc_sec_cov,ps_unions,ps_corp_power,ps_fdi,ps_veh_pc,ps_pop_urb,ps_age_1564,ps_res_rent,ps_elec_acc,ps_nsolfuel_acc,ps_rail_pkmpc,ps_infra_qual,ps_tax_rev,ps_aid,ps_remitt,ps_soc_contr,ps_expo,ps_impo,ps_hdd,ps_cdd,ps_tmin,ps_tmean,aux_pop,aux_gdp_ext,aux_tfec_ext
ABW,,,,,,,,,98.1,97.7,,,,,,,34830.98,1.231319,1.257616,0.8914471,,,,,,,,42.364,69.10531,,90.87544,,,,,,,,65.24135,82.43333,,,,,102393,,
AFG,,,,,58.91,50.75462,8.5,36.53333,51.6,30.5,23.2,,38.3,0.245,,32.6,1772.765,-1.397558,-1.319379,6.87505,34.28332,12.82317,8.820582,,,0.2995921,0.0502277,25.468,51.19995,1.752003,43,19.48096,,2,7.471639,0.3410356,1.225799,0.4534526,18.96654,62.62026,,,5.5,12.6,29726800,57500130000,
AGO,22.63459,5.115132,0.5094855,14.43641,55.59,52.46988,6.9,47.42121,47.8,49.1,35.1,,,0.1311,,43.5,6645.085,-1.02327,-1.071316,1.101899,64.67321,,,,,-5.977515,0.03394219,41.699,49.54495,38.15204,37,44.29522,,2.48,18.83668,0.002696487,0.00003899535,2.406705,55.94013,35.85997,801,10044,14.8,21.55,22685630,153315800000,513480000
AIA,,,,,,,,,,,,,,,,37.7,,1.516753,1.059505,,,,,,,,,,,,,,,,,,,,,,,,21.7,,,,
ALB,26.26707,10.5822,5.426435,9.584011,111.31,67.22797,13.9,60.85194,95.4,92.1,6,1.6,14.3,1.2658,,38.7,10369.56,-0.2803275,-0.002466852,2.207744,48.94649,,54.88551,14.1,,7.468318,0.1250776,54.33,68.5703,5.207158,100,62.08641,0.00001103354,2.43,,0.02915088,8.336632,,28.93749,47.57271,6361,3546,6.3,11.4,2900247,30050720000,76181000
AND,,,,,,71.03071,,67.02866,100,100,,,,4,,,,1.516753,1.427852,0,76.14659,,,,,,,86.708,,0,100,100,,,,,,,,,,,2.9,7.6,79316,,
ARE,237.4804,44.68764,26.8106,27.78272,102.25,62.69592,4,67.3215,99.6,97.5,5,,,1.5167,,,57851.7,1.137964,-1.01277,2.29038,73.9996,,,,27.13441,2.364133,0.1877679,84.684,85.54967,26.10203,97.69783,99.99,,3.84,0.3649174,,,7.259738,100.2465,64.00285,372,14715,21,27,8952542,547653800000,2126053000
ARG,59.0685,17.80639,5.787687,17.12646,101.97,66.33842,7.2,78.33556,98.6,95.5,3.7,0.9,,3.9066,,39.6,19392.31,-0.254902,0.2576525,1.416612,58.95442,15.06353,41.05499,30,6.240224,2.791577,0.2726437,91.295,63.83146,4.266946,99.8,99.12235,0.0002040136,2.94,,0.0004115445,0.1050185,,16.23786,14.28868,4233,5232,8.2,14.8,42095220,828712200000,2486502000
ARM,30.03654,7.464563,3.537206,11.04911,87.75,65.07875,17.3,70.13667,99.7,89.5,5,3.4,32.4,2.8991,0.002616223,34.2,7505.125,-0.03641658,-0.5784446,5.678332,41.84773,13.70187,65.03766,35.2,1.244423,4.676728,,63.161,70.16045,4.098314,100,92.53452,0.00001678788,2.38,17.49164,0.02671068,18.03302,13.07905,27.56672,48.40002,14816,636,1.3,7.15,2978339,22045240000,89459000
ASM,,,,,,62.07579,,,100,62.5,,,,,,,,0.4774332,1.059505,0,,,,,,,,87.413,,,59.32891,,,,,,,,74.84472,99.84472,,,,,55227,,
ATG,,,,,79.05,67.0532,,68.11414,97.9,,,,,,0.01313588,,20283.9,0.4774332,0.6570508,0.02417564,67.81238,,,,,10.73842,,25.135,67.46455,,90.87544,99.98111,,,18.57519,0.001896554,1.731219,,45.27974,58.50111,,,,26,89069,1866560000,
AUS,147.1077,57.34347,19.48412,32.38559,104.51,70.46131,5.2,92.65355,100,100,2.5,0.5,,3.2976,0.03621998,33,42854.89,1.612136,1.503631,1.413703,67.17297,13.18429,,18.2,90.20448,3.747493,0.7053932,89.015,67.07351,8.319479,100,100,,3.83,21.31819,,0.1587428,,21.48083,21.72952,1674,4033,14.9,21.65,22728250,968139400000,3343501000
AUT,136.1961,39.13622,13.22836,45.92449,103.44,69.69028,4.3,79.4481,100,100,2.5,0.5,,4.845,,27.9,44551.62,1.557239,1.457385,1.374733,75.36733,10.70825,,28,26.02941,1.28129,0.5943067,65.864,67.31783,0.4319619,100,100,0.001228115,4.05,25.71534,,0.743615,32.34543,53.97367,51.1785,15707,1122,2.3,6.35,8429991,386584600000,1148132000
AZE,35.09548,9.902016,4.243752,14.99648,91.57,61.23201,5.2,69.97778,84.5,84.7,2.5,,6,3.4901,,,15888.67,-0.7780845,-1.252067,-0.1946449,22.55673,5.72184,,,,7.701412,0.1202975,53.856,72.1197,40.41904,100,92.74387,0.00006357721,2.42,12.95583,0.004771709,2.895612,6.292326,52.97468,25.28839,11538,1599,6.7,11.95,9295784,150414000000,326240000
BDI,,,,,,51.77806,7,37.00889,75.3,47.5,,51.5,64.9,0.0477,,33.9,748.0755,-1.311597,-0.8913693,0.6366849,60.07716,16.42836,,,,0.02446705,0.005926176,11.189,53.15629,16.71798,6.5,1.999998,,1.68,,0.2399548,1.878091,,9.700001,33.99999,7,4548,13.8,19.8,10124570,7391278000,
BEL,150.3917,31.94672,13.52549,48.50881,98.95,68.68255,7.5,81.22917,100,99.5,2.5,0.2,,2.9397,0.01383974,25.6,40990.04,1.590693,1.34894,-0.08670092,77.67072,,,55,60.16624,1.342528,0.555706,97.732,65.66633,0.05846914,100,100,0.0009748167,4.12,25.71353,,2.134477,34.99225,80.40449,80.34154,7625,1120,5.5,9.55,11128250,466614700000,1673596000
BEN,14.3195,4.812935,0.2748316,9.243276,64.48,53.57646,1,41.35556,76.2,18.4,10.8,38.5,36.2,0.1646,,40.9,1855.936,-0.5264922,0.09363568,0.9723186,44.35152,25.02131,,,,3.468784,0.021891,42.667,54.09701,5.361767,38.4,6.212926,,2.57,14.47645,0.06904821,2.559725,2.953587,23.01717,31.73452,91,19591,21.7,27.55,10049790,18359050000,143908000
BFA,,,,,80.54,51.12867,3.3,25.00333,81.7,18.6,20.3,32.2,40.1,0.0475,0.0009205095,34.4,1521.452,-0.6303672,-0.3354219,3.364587,55.94955,15.89539,,,,2.949122,0.01271788,27.346,51.40244,18.56991,13.1,5.291492,,2.4,15.6261,0.1135438,1.880634,,25.51852,37.16053,304,17259,21.5,28.25,16590810,25676760000,
BGD,6.585825,0.8173782,0.3695798,3.45664,54.64,61.25034,4.5,44.68805,84.8,57.7,16.9,19,31.5,0.3879,0.0001369919,36.8,2791.172,-0.8250402,-0.4134826,5.236948,31.95123,14.6635,17.77091,,37.08045,1.188103,0.003578722,31.99,64.13115,3.83704,59.6,10.90526,0.0000470509,2.302273,8.685927,0.01615145,10.58794,,20.16159,27.94933,269,19774,20.4,25,155257400,429252800000,1022498000
BGR,54.75406,16.75279,9.367924,19.34234,81.52,64.60148,12.3,74.94072,99.5,86,5.4,1.8,21,3.9121,0.002670723,33.2,15772.08,0.1362748,0.3841386,1.525915,56.2903,10.69092,,11.4,14.49214,3.337236,0.4375418,72.971,67.23235,2.416745,100,88.50191,0.0002567792,3.2,18.60871,,2.704311,21.86603,60.79919,63.99176,9350,3645,5.6,10.55,7305888,117609000000,400027000
BHR,159.6586,33.70184,29.32189,31.98765,,67.08559,3.7,71.39667,100,99.2,,,,0.9568,0.003090935,,40967.41,0.540372,-1.324512,0.01678467,63.27802,8.94804,,,57.11992,2.897678,0.3668907,88.619,77.32204,23.70512,97.69783,100,,3.08,1.081071,,,,102.1454,83.73905,,,20.5,27.15,1333577,54666730000,212917000
BHS,,,,,90.8,64.87335,14,71.39547,98.4,92,,,,2.264,0.007250502,48.6,30079.26,0.9682398,0.9176641,-0.1742303,44.39035,,,,,6.389859,0.3384508,82.667,70.79363,0.03796492,100,100,,2.77,,,,,38.12695,46.12378,,,19.8,24.85,372388,8652358000,
BIH,35.0061,11.48725,4.325284,8.851173,88.96,65.68159,28.1,65.53182,99.5,94.8,2.5,0.1,17.9,1.9259,0.005988373,40.1,10061.13,-0.4680717,-0.1411553,0.07255077,71.23125,,,30,12.15314,2.27796,0.1782213,39.378,71.61348,4.084406,100,41.72257,0.00001436624,2.86,20.50072,0.03451459,10.72631,38.9215,32.35054,55.79457,8106,3068,,9.85,3828419,37154860000,134018000
BLR,101.7301,18.02673,5.289518,33.61834,99.55,62.3163,5.9,81.99841,99.7,94.4,2.5,0,6.3,3.8809,0.009128487,23.1,17472.32,-0.9395957,-1.548103,3.762245,77.1882,13.18072,77.24999,,,2.300699,0.3379453,75.467,70.86088,2.602099,100,99.52535,0.0009485419,2.78,15.14021,0.001794023,1.655416,34.85947,78.77691,74.30836,15734,1485,2,6.15,9464000,162954500000,962774000
BLZ,,,,,71.66,64.74073,14.4,68.88889,99.3,90.2,6.4,,,1.1494,0.008523731,47.1,7738.489,-0.1767883,0.6953493,0.584352,65.60983,,39.38702,9.1,,12.34107,0.1119519,44.496,61.88348,7.172131,100,85.89262,,,22.6444,0.01731261,4.826178,,64.4528,63.80358,,,21,25.3,336707,2732190000,
BMU,,,,,88.67,71.05292,,,,,,,,,0.006898361,,52137.3,0.997093,1.059505,-3.848958,,,,23,26.85129,0.8598425,0.4045341,100,,,100,,,,,,21.5037,,46.76157,28.65509,,,16.6,,64798,3440625000,
BOL,24.31759,9.076976,1.383175,5.294488,65.09,62.39392,2.7,67.35,88.5,48.4,22.7,6.9,43.3,0.4734,0.007861107,43.7,5715.525,-0.3737482,-0.1185448,3.50405,67.88505,17.82875,76.75464,39.1,16.41168,3.91355,0.06077825,67.279,60.04215,18.04076,90.5,76.21244,,2.39,,0.03075822,4.10025,,47.1662,37.78256,4664,4481,15.2,21.55,10238760,60406460000,248982000
BRA,46.4076,16.3666,4.220787,7.276,93.58,64.72601,6.1,66.13056,97.5,81.6,2.5,3.4,,1.85375,0.007811026,45.5,15214.76,-0.1243111,0.4319696,1.94062,44.32147,15.56961,46.37658,16.9,49.88287,3.519648,0.1844387,84.901,68.49413,5.829902,99.5,94.27836,,3.07,14.09373,0.0005919351,0.1131434,25.31249,11.87756,13.23673,123,13189,19.7,24.95,202401600,3085867000000,9392971000
BRB,,,,,87.05,67.87273,11.6,73.97778,99.4,94.9,4.7,,,1.811,0.005682222,48.3,16270.09,1.452217,1.183499,0.1396179,65.16825,13.68958,,,104.8077,10.13618,0.3617764,31.769,67.38476,0.7874988,90.87544,99.82736,,,26.14156,,2.807985,0.01964351,42.60596,47.15195,,,22.4,26,281580,4413252000,
BRN,195.4171,46.57076,26.59354,30.74385,90.57,65.76351,3.8,69.21111,,,2.8,,,1.4911,0.007469569,,82149.91,0.8343759,-0.4996582,0.6314635,91.82088,9.72782,,,,5.101633,0.5767301,76.223,71.93942,38.36057,76.16138,100,,,,,,,70.15923,35.47872,,,22.9,26.85,405512,30086970000,79244000
BTN,,,,,,62.68712,2.1,42.12444,98,49.4,,3.3,12,0.2576,0.01422327,42.9,7547.826,0.4773473,-0.3123512,4.778862,72.92045,,2.91698,,,1.336885,,36.368,66.47771,20.02859,75.56256,62.65635,,2.29,9.235527,0.08573798,0.9949448,,38.72533,63.03859,,,1.2,7.4,743711,5392971000,
BWA,39.73093,14.43018,2.604999,13.22379,65.97,54.09661,17.7,61.9,96.1,62.4,25.1,14.25,19.3,0.392,0.008400138,58.9,14284.12,0.4473828,0.5029516,3.131008,63.06223,,73.77427,,,5.824881,0.1539439,56.699,63.93708,3.995688,53.24,62.47225,,2.82,26.85083,0.005207444,0.1236119,,49.25074,61.40415,2590,6271,13.6,21.5,2132822,30309550000,84739000
CAF,,,,,52.8,42.92502,6.9,31.78667,68.2,21.5,37.5,,,0.0547,0.004389653,,1063.297,-1.461895,-1.263902,1.133108,48.80223,,,,,3.206468,,39.258,56.12408,10.51367,10.8,3.21824,,2.497619,9.392467,0.1088282,,1.090552,11.55013,21.50932,41,15989,18.3,24.9,4619500,4276340000,
CAN,238.1354,71.90888,26.8228,68.72473,104.6,70.35905,7.2,85.03,99.8,99.8,2.5,0.3,,2.3962,0.02999297,31.5,41845.18,1.753654,1.443793,1.335156,70.98055,,,29.3,112.9193,2.706688,0.6245778,81.293,68.90301,5.44478,100,100,0.00008002538,3.99,11.77859,,0.06878427,23.15766,30.42624,32.3203,16928,1417,-10.1,-5.35,34751480,1464565000000,8275558000
CC,,,,,,,,,,,,,,,,,,,,,,,,,,,,,,,,,,,,,,,,,,,,,,,
CHE,103.6378,31.49048,16.14221,48.45051,92.1,71.17196,4.2,84.40892,100,99.9,2.5,0,,3.8987,0.008936507,29.2,56149.69,1.876984,1.666388,0.3672123,64.705,16.09951,,16.6,185.3657,3.950606,0.5865682,73.739,67.78964,0.03621561,100,100,0.00221812,3.98,9.505167,,0.3631859,39.77486,67.03362,56.64877,18152,581,2,5.5,7996861,457463400000,828777000
CHL,60.12611,17.96568,4.029402,17.84554,85.25,68.37154,6.4,74.56753,98.7,98.8,3.8,1.25,18.3,1.0328,0.004472168,46.1,21219.18,1.252296,1.063065,4.507768,48.02695,19.2781,85.89567,16.6,118.1327,10.72913,0.215258,88.986,68.69878,17.45634,99.6,92.96165,0.00004830797,3.18,19.13027,0.0005255218,0.06419472,6.272499,34.12186,34.14999,11927,431,3.5,8.45,17388440,371592600000,1045499000
CHN,52.67705,7.39512,2.308979,13.69058,97.38,67.38379,4.5,60.96667,93.2,73.1,10.6,6.2,10.2,1.5467,0.003040203,40.7,11115.11,0.00636129,-1.585986,8.090412,55.95603,,,41.2,43.69582,2.850681,0.08086208,51.889,74.21851,7.111275,100,54.86806,0.000589059,3.61,10.3941,0.000001065266,0.2016826,,25.49252,22.775,9563,6427,0.9,6.95,1350695000,15154700000000,71150630000
CIV,13.73733,1.557815,0.5794062,11.02947,58.67,51.0131,4.1,38.92222,81.2,21.6,21.5,23.3,46.3,0.1541,,37.3,2696.192,-1.110583,-0.8142912,0.4884958,30.68496,,,,31.27057,1.221404,0.03980545,52.041,53.75772,10.20507,55.8,19.1235,,2.31,14.25743,0.1029543,1.357617,,48.92886,44.74562,20,20278,21.1,26.35,21102640,59165500000,289894000
CMR,11.88666,1.863941,0.3705536,9.277505,69,51.09194,4.1,48.57889,74.1,45.2,8.9,18.7,37.5,0.0898,0.002370785,39.7,2964.553,-0.9040274,-1.030722,1.756835,24.58444,15.17625,,6.15,,1.992267,0.01431243,52.677,53.62903,11.08667,53.7,21.93011,0.00002285373,2.24,,0.02365616,0.794875,,26.1182,30.26891,113,13548,19.1,24.6,21659490,58813180000,257459000
COD,11.76118,0.4403825,0.1265308,8.763791,,50.41772,8.2,37.17778,51.4,27.6,,57.6,63.9,0.09,,38.4,706.3672,-1.65863,-1.50882,3.645122,44.80888,,,,,-1.531266,0.02451233,40.95,50.66578,39.02607,16.4,5.004734,0.0000003129839,1.96,8.774573,0.1233044,0.04442118,,30.80301,37.5487,20,13160,,24,70291160,45857150000,826707000
COG,18.05124,5.281616,0.3417956,11.91525,49.74,52.22824,6.6,51.13334,75.3,14.6,39.2,29.1,40.9,0.1159,,43.8,5415.114,-1.201714,-1.152004,0.9147286,79.2039,,,,,15.7326,,64.1,53.93742,67.40829,41.6,24.82746,0.00004829466,1.27,7.595977,0.01100653,,2.754064,83.77515,60.32927,1,17298,19.8,24.55,4286188,24873130000,77371000
COK,,,,,,,,,,,,,,,,,,,,,,,,,,,,,,,,,,,,,,,,,,,,,,,
COL,22.19363,8.360805,2.532923,5.98688,64.15,69.66357,10.6,60.22224,91.2,80.2,9.9,5.7,32.7,1.74,0.004369679,49.6,11996.22,0.01088164,-0.09990023,4.221916,76.11646,15.51283,48.8641,9.9,70.90339,4.068455,0.0968409,75.603,68.23528,11.15258,97,85.88207,,2.72,13.27213,0.002440662,1.087128,20.07504,18.82874,20.04266,1,9036,19.6,24.5,46881020,565312900000,1040460000
COM,,,,,,58.42329,6.5,45.04198,90.1,34.2,,15,42.4,0.1699,,46.9,2483.41,-1.545724,-0.5199243,0.3202081,37.23816,18.49151,,,,1.884873,,28.029,56.33842,3.518213,69.3,25.52372,,1.94,,0.1263188,20.02079,,8.945869,31.86455,,,21.6,25.55,733661,1012244000,
CPV,,,,,72.03,64.91185,9.1,48.34667,90.3,68.1,14.7,,35,0.5058,0.00269531,43.2,6090.554,0.1033421,0.9279619,1.435864,72.45819,,,,,7.360737,,63.389,63.95831,0.6322622,70.56256,68.65354,,,18.42064,0.1456247,10.1578,,40.4318,59.84534,,,,23.3,500870,3133844000,
CRI,31.11526,14.2677,5.213629,7.779082,74.35,70.22533,7.8,65.39216,97.5,94.3,5.4,1.5,20.6,1.1497,0.008383489,45.7,13777.76,0.4875459,1.063006,3.608632,73.22655,23.50156,67.33135,13.7,3.633653,5.951999,0.2033257,73.94,68.35,1.023112,99.5,94.17988,,2.6,13.66392,0.0007767174,1.241356,35.57787,32.16957,35.97497,1,22626,19.6,24.8,4654148,64410940000,144815000
CSHH,,,,,,,,,,,,,,,,,,,,,,,,,,,,,,,,,,,,,,,,,,,,,,,
CSXX,,,,,,,,,,,,,,,,,,,,,,,,,,,,,,,,,,,,,,,,,,,,,,,
CUB,21.78436,1.622022,3.190706,4.948411,86.55,69.30153,3.2,74.28778,94.1,92.7,2.5,,,7.2099,,,,-0.4193431,-1.431334,2.752006,94.15131,,,,,,0.03941537,76.781,69.90121,3.469385,100,93.07672,,2.08,,0.001299674,,,25.511,20.3552,1,23521,20.4,25.2,11342630,224822000000,247092000
CUW,,,,,,,,,,,,,,,,,27638.76,,,,,,,,,,,,,,,,,,,,,,75.6852,99.95072,,,,,,,28195000
CX,,,,,,,,,,,,,,,,,,,,,,,,,,,,,,,,,,,,,,,,,,,,,,,
CYM,,,,,,,,,97.4,95.6,,,,,,,62468.56,1.231319,0.5397995,0.9192944,,,,,,,,100,,,90.87544,,,,,,,,,,,,,,57522,,
CYP,56.13374,25.3413,11.71076,20.93592,81.11,69.93845,11.8,77.61983,100,100,4.8,0,,2.2958,0.01771535,30.6,31749.56,1.377763,1.004479,-3.028232,45.8618,,,48.5,8.002012,30.64798,0.5244828,67.261,70.74062,0.1097048,100,100,,3.17,23.31861,,2.225838,22.00627,55.31226,57.22534,,,13.1,18.45,1129303,27577510000,63392000
CZE,100.6828,23.05441,9.764542,36.39947,86.86,66.71781,7,86.62222,100,99.1,2.5,0.1,8.6,3.6483,0.01243114,25.4,28527.14,0.9175432,0.9438059,0.3488421,84.0198,9.74072,,14.8,,4.569428,0.5142337,73.115,69.06468,0.7535504,100,99.99,0.0006571346,2.96,13.46926,,0.6825806,43.09545,76.17007,71.36739,13836,1394,3.3,7.55,10510790,301952900000,1058255000
DEU,114.5841,27.73804,12.87181,46.71444,101.81,69.70559,5.4,88.43719,100,99.2,2.5,0,,3.9152,0.008019812,28.8,42639.89,1.574946,1.394152,2.872956,76.06601,11.2171,,18.3,41.99086,1.849474,0.578645,74.688,65.90567,0.1924608,100,100,0.0009973164,4.26,11.57286,,0.4491566,54.36677,46.30712,40.20694,11711,969,4.6,8.5,80425820,3506575000000,9215519000
DJI,,,,,64.28,57.05684,,30.58778,89.9,47.3,20.2,16.2,,0.22465,,39,,-1.096271,-1.416969,3.279877,58.77743,,21.8504,,,8.126151,,77.117,62.57853,1.776645,53.26256,84.27214,,1.51,,0.1170188,2.457507,,,,,,22.8,28,853069,2501397000,
DMA,,,,,81.14,64.47754,,60.7498,,,5.9,,,,0.02109228,43.5,10134.37,0.6603047,0.9745826,-0.9898007,68.52083,,,,,4.771868,,68.681,,0.09628668,92.66676,93.80656,,,23.10687,0.05413318,4.791758,,34.06612,49.62875,,,18.9,22.35,71685,731636800,
DNK,103.296,30.06489,13.12547,47.37004,103.81,69.22346,7.5,87.28261,100,99.6,2.5,0,,3.6461,,25.1,44336.82,1.965262,1.692594,0.1421928,85.75943,,,69.8,,0.8473313,0.4837638,87.142,64.95116,2.139176,100,100,0.001367057,4.07,33.33044,,0.3918543,2.746726,54.63049,48.61048,8519,366,4.3,7.5,5591572,247406500000,577587000
DOM,23.06363,9.148564,2.934111,7.151427,56.08,64.62801,14.7,59.01706,85.4,82.9,13.6,3.1,41,1.4943,,45.3,11754.27,-0.5501992,0.08700065,1.416659,63.36142,,35.54824,10.3,,5.637254,0.1411524,76.039,62.93089,0.9948967,98,90.54108,,2.61,13.07312,0.004795017,7.033736,1.58006,24.58318,33.8055,1,21353,19.9,24.55,10155040,119220700000,234212000
DZA,34.09932,13.56217,1.419894,9.175755,90.18,65.73222,11,64.25889,84.9,87,4.9,0.8,5.5,1.207,0.003035703,28.5,13229.01,-0.5471287,-0.897813,1.198161,73.58242,,,,,0.7177331,0.1210756,68.87,66.73442,30.17796,100,99.99,0.0000277782,2.02,37.18585,0.000873764,0.1027716,,36.8898,28.51406,4743,4777,15.4,22.5,37439430,503655900000,1276659000
ECU,29.68249,15.11509,2.277183,5.77386,60.86,66.09826,4.1,59.38375,85.9,82.8,8.3,4.1,27.3,1.6654,,43,10285.87,-0.5100547,-0.3278479,5.057728,45.64174,10.34829,73.97964,,,0.6449113,0.1266579,63.088,63.65444,18.44981,97.2,96.17735,,2.62,,0.001970196,2.816308,,30.16481,31.5863,10,5779,15.6,21.85,15419490,162096400000,457689000
EGY,27.307,8.299399,3.935786,7.24418,103.78,59.99593,12.7,57.34444,98.8,94.7,4.4,3,26.3,1.812,0.001604349,47.3,9981.552,-0.8003782,-0.7654077,-0.1735151,36.06677,,,43.2,21.41533,1.012363,0.05449997,43.002,62.70658,11.43976,100,99.99,0.0004767286,3.07,12.52022,0.0081559,6.960799,,16.39697,24.3148,1948,7789,14.8,22.1,85660900,878240300000,2339142000
ERI,,,,,,51.73645,7.1,22.75137,57.5,15.3,,,,,,,2102.954,-1.511464,-2.1544,6.412911,46.49814,,,,,,,,,,36.0768,36.13269,,1.83,,,,,,,13,15348,18.9,25.5,,,21994000
ESH,,,,,,,,,,,,,,,,,,,,,,,,,,,,,,,,,,,,,,,,,,,17,,,,
ESP,75.78224,26.4501,11.95517,22.87171,104.68,71.5136,25.2,79.4397,100,99.9,2.5,0.8,,3.8165,0.01460617,34.1,30904.79,1.107991,1.040571,-2.01962,71.72993,9.22981,,17,74.26328,1.859401,0.5875391,78.902,67.43711,0.1483231,100,100,0.0004786303,3.74,13.44777,,0.1555416,75.11407,31.45527,29.3901,7216,2604,7.9,13.3,46773060,1507757000000,3544567000
EST,92.65395,23.97754,12.22806,44.16132,97.75,65.71936,10.1,85.85333,99.5,97.2,3,0.6,21.8,3.278,0.04416132,33.4,25643.35,0.9607759,1.090193,6.72853,80.38232,12.05791,,6,,7.728637,0.5250556,67.835,66.51725,3.015616,100,88.33655,0.0001791795,2.79,1.025485,,1.991948,34.18829,85.56757,83.9242,16781,470,1.5,5.1,1322696,34285640000,122553000
ETH,16.80468,0.5082806,0.1184603,15.78375,61.94,56.62041,5.6,31.6522,51.6,24.3,28.9,28,29.6,0.022,0.001197663,28.6,1226.823,-0.4356956,-1.280015,7.110775,57.38248,30.53954,13.24795,9.6,,0.6431729,0.001540277,18.16,53.31366,15.50162,26.56256,2.191234,,2.22,9.209358,0.08969834,1.441585,,13.7673,31.63061,149,5309,15.5,22.2,92191210,115855100000,1549244000
FIN,194.4183,32.61396,26.74359,65.06278,116.36,68.99416,7.6,81.50889,100,97.6,2.5,0,,3.0693,0.08385712,25.5,40153.57,2.21447,1.617882,0.08128881,75.72231,12.81075,,67.3,,1.921589,0.4907496,83.819,65.33988,1.522931,100,100,0.000745294,4.12,20.26097,,0.335959,32.77745,38.80828,40.36222,19340,274,-2.4,1.7,5413971,218928000000,1052575000
FJI,,,,,78.11,58.52018,8.5,76.65174,95.6,91.1,4.4,2.9,34,0.8025,0.003935216,40.8,7612.228,-0.8991214,-0.8749733,-1.545191,66.3375,,,,11.37507,6.716181,,52.596,65.85526,3.254726,59.32891,59.6845,,2.22,,0.03273555,4.791966,,,,,,20.9,24.4,874158,6721207000,
FLK,,,,,,,,,,,,,,,,,,,,,,,,,,,,,,,,,,,,,,,,,,,,,,,
FRA,98.73248,27.76495,16.32323,41.1528,111.25,70.99977,9.9,81.55494,100,98.7,2.5,0,,3.1711,0.01566325,30,37376.54,1.329258,1.22141,0.6384134,77.15762,9.73667,,8.1,67.4341,1.547564,0.5808426,78.82,63.78527,0.1271012,100,100,0.001304208,3.96,22.57374,,0.8456146,42.08998,29.20303,30.49903,8378,1335,6.5,10.7,65659790,2459768000000,6482754000
FRO,,,,,,,,,,,,,,,0.01983758,,,,,0,,,,,,,,41.323,,,100,,,,,,6.722316,,52.34993,62.61855,,,,,48393,,
FSM,,,,,,58.38223,,61.10845,89,57,,14.2,41.2,0.177,0.003748213,,3324.467,-0.6319329,1.000645,1.355064,90.76369,,,,,0.3069037,,22.317,60.33463,0.04994326,59.32891,58.30907,,,,0.4745867,6.384609,,29.88778,81.47113,,,,25.85,103516,361410400,
GAB,49.44254,4.526216,2.472902,30.16073,85.54,55.20591,20.3,58.93333,92.2,41.4,9.4,,,,,,16225.39,-0.7755252,-0.8708385,3.786635,70.57821,,,,,4.848008,,86.367,57.13122,48.08503,89.3,78.68134,0.00007313344,2,,0.00464524,,,60.95034,31.39247,1,18123,20.9,25.05,1613489,28912210000,79775000
GBR,84.31524,25.86779,11.98603,37.78453,103.4,69.34563,8,86.02602,100,99.2,2.5,0.2,,2.7279,0.006191933,33.1,37449.78,1.527082,1.324708,0.8276224,82.91119,,,26.1,,1.777277,0.5613945,81.834,65.46795,1.18216,100,100,0.001009791,3.95,25.47554,,0.1879782,21.15829,29.9751,31.14731,7252,225,5.1,8.45,63700300,2393177000000,5370906000
GEO,34.53725,9.414379,4.230327,13.6434,77.15,63.99732,15,77.03333,98.3,88.1,8.1,8.3,30,4.4392,0.004995817,40.9,8465.272,0.5654783,-0.00374218,8.185757,14.12169,6.70776,67.10555,,5.953638,5.245677,0.2099346,53.162,68.67574,1.850942,100,53.83455,0.0001655222,2.85,24.11828,0.05077574,11.1704,,36.51629,55.42599,14895,852,0.4,5.8,3825000,30701390000,132105000
GHA,10.47268,3.712884,0.6020459,4.072921,66.62,54.75085,3.6,55.27444,85.4,14.4,5.9,11.1,24.2,0.1686,0.004287214,38.3,3595.641,-0.07241686,0.4013304,8.930027,65.56659,37.68692,64.95248,22.4,7.831186,7.855368,0.0301434,52.069,57.55349,20.41859,64.06256,16.78118,,2.05,14.86579,0.04492437,5.139506,0.6069468,40.35922,52.80882,22,21277,22.1,27.2,25544560,95195500000,267520000
GIB,,,,,,,,,,,,,,,,,,,,0,,,,,,,,100,,,,,,,,,,,,,,,13.3,,31402,,
GIN,,,,,55.28,50.59933,1.7,29.44447,74.8,18.9,16.5,28.4,55.2,0.1,,32.3,1783.645,-1.278466,-1.058565,1.134729,38.93179,9.46061,,,,10.68247,,35.748,53.82737,27.3804,26.2,2.21827,,2.34,,0.06687173,1.169884,,33.13739,53.53693,99,16771,19.6,25.7,11628770,14181830000,
GLP,,,,,,,,,,,,,,,,,,,,,,,,,,,,,,,,,,,,,,,,,,,22.3,,,,
GMB,,,,,62.08,55.24026,7,34.56111,90.1,58.7,9.4,20.8,48.1,0.038,0.002069605,40.2,2308.534,-0.5129521,-1.277616,-2.591228,59.96983,13.8003,,,,3.673671,,57.706,51.13895,6.266926,34.5268,5.01579,,1.9,,0.1440363,15.44989,,19.84168,27.85899,11,17009,20.4,27.5,1807108,2889890000,
GNB,,,,,43.77,49.45285,6.9,32.53333,73.6,20.2,22.6,49.6,69.3,0.0626,,41.6,1442.147,-1.243866,-1.394936,1.15937,26.69444,14.5398,,,,0.6654311,,46.924,55.58363,17.60874,60.60672,1.999998,,2.68,,0.0873797,4.583766,,15.47521,25.69778,8,17746,20.9,26.75,1714620,2370470000,
GNQ,,,,,,53.84619,6.9,41.49111,47.7,74.9,,,,,,,35887.82,-1.649574,-1.882653,0.7780194,83.12955,,,,,5.470291,,39.463,57.33196,56.74783,66,55.06391,,2.111111,18.76822,0.001076942,,,71.90499,44.77043,1,15662,20.6,24.55,773729,29723700000,
GRC,64.79115,21.29695,12.23403,26.48499,108.23,69.48995,24.2,79.69885,100,99,2.5,1.3,,6.0831,0.0105894,33.4,24364.27,0.3074923,0.6681736,-7.904494,67.88639,,,23,18.26695,0.6770557,0.5897176,77,65.5926,0.2023326,100,100,0.0001279311,2.88,23.56228,,0.2772927,30.73504,28.68399,33.13377,6191,4407,10.5,15.4,11045010,286950300000,715619000
GRD,,,,,68.96,65.28346,,72.39757,96.6,98,,,,,,,10846.56,0.3058267,0.7992005,-0.5785823,47.91797,,,,,3.936813,,35.601,65.8036,,90.87544,99.97887,,,18.66942,0.009987797,3.662334,,25.81517,49.46782,,,22.8,26.65,105476,1186875000,
GRL,,,,,,62.49716,,,100,100,,,,,,,,0.9667467,1.248198,0,,,,,,,,85.2,,,100,,,,,,,,37.51199,63.46641,,,-22.6,,56810,,
GTM,23.31958,5.04543,1.081219,16.02049,64.57,63.39525,2.9,48.38799,92,62.9,16.3,8.2,59.3,0.9039,0.001127742,44.9,6899.215,-0.7632619,-0.3875638,1.397026,33.93319,21.10514,64.31808,2.7,,2.507793,0.1052203,50.212,57.30776,3.711762,78.5,36.65956,,2.59,10.83596,0.006930959,9.983733,2.787881,24.86869,36.11378,1,14481,18.2,23.45,15368760,107297100000,358393000
GUF,,,,,,,,,,,,,,,,,,1.112248,1.114781,,,,,,,,,,,,,,,,,,,,,,,,21.6,,,,
GUM,,,,,,64.02962,,,99.5,89.8,,,,,,,,-0.04222662,0.8380574,0,,,,,,,0.6756466,94.273,65.59669,,59.32891,,,,,,,,19.31141,58.41508,,,,,162807,,
GUY,,,,,78.23,58.77621,11.2,58.16555,95.9,83.6,9.6,,,0.6898,,,6400.506,-0.1397996,-0.02140209,4.775918,66.0985,10.26061,,,21.42786,9.747281,,28.319,63.73373,24.40339,79.46677,93.38245,,2.15,,0.04584152,16.45854,,49.46664,69.78038,,,21.6,26,758410,4903585000,
HKG,50.34496,12.4081,20.08023,24.37676,129.29,,3.3,76.73666,,,2.5,,,,0.0002935175,41.3,50378.33,1.824478,0.6209081,2.300525,,18.64948,,24.8,1078.305,28.51437,0.08484052,100,74.62909,0.001660749,100,,,4.12,12.49966,,0.1396703,,215.8496,214.719,,,19.3,,7154600,366845400000,360198000
HND,24.3857,5.953751,1.667242,11.82826,64.28,62.97951,4,50.49632,89.3,80,15.1,16.2,66.5,0.9999,0.001905604,50.6,4072.168,-0.7174601,-0.4939959,2.409315,45.53901,,50.90285,,,5.761634,0.01799349,52.93,61.25013,3.742427,82.2,49.18562,,2.35,14.74747,0.03335876,15.76141,13.66272,50.9028,70.28542,1,14117,18.9,23.5,7736131,35834490000,188651000
HRV,62.60395,18.87051,10.12406,24.84958,83.53,66.51561,15.8,77.03345,99.4,97.1,2.5,0.8,19.5,2.9727,0.006316962,28.8,20341.41,0.6953918,0.5009897,0.484252,81.6086,,70.71854,29.4,36.23861,2.593772,0.3745767,58.074,66.66805,1.753631,100,91.65245,0.0002586959,3.35,19.57716,,3.690695,33.52649,39.52517,41.22797,8911,2929,6.2,10.9,4267558,89687080000,267166000
HTI,12.00516,1.306077,0.1046766,9.827066,47.21,53.97196,7,37.42778,58.5,26.7,49.6,20.3,58.5,0.1372,0.0004146245,52.8,1590.861,-1.626324,-0.7928326,2.721202,9.918557,,,,,1.977132,0.007481999,54.841,60.42941,1.996375,37.9,8.401752,,1.78,,0.1790674,20.4345,,16.9063,53.15794,1,22492,20.1,24.9,10288830,16607050000,123519000
HUN,68.96724,16.02421,8.034787,33.32398,80.67,64.60503,10.9,80.48938,100,98,2.5,0.3,15,3.1046,0.02052355,28.6,22674.19,0.6189724,0.7394423,0.4202604,63.43267,,,11.8,16.32395,8.349747,0.3485405,69.832,68.32444,0.6828929,100,88.50191,0.0005934259,3.14,23.01452,,2.775577,31.03234,86.32208,79.54806,11054,2816,4.8,9.75,9920362,225206600000,684180000
IDN,26.95503,7.444489,1.640588,10.78697,61.94,61.59314,6.1,60.3136,85.7,58.8,9.6,12.6,11.2,0.3075,0.002002142,42.3,9267.217,-0.2908397,0.0384284,4.716778,39.6062,18.09042,57.23614,7,46.65395,2.30978,0.07253788,51.488,66.58488,8.350654,96,59.2501,0.00008177381,2.54,11.38059,0.0002394522,0.7857537,,24.59438,24.98852,1,22485,21.1,25.85,248037900,2344875000000,6685868000
IMN,,,,,,,,,,,,,,1.449,,,,,,0,,,,,,,,52.042,,,100,,,,,,,,,,,,,,85779,,
IND,16.83401,2.432483,0.7569997,6.563499,59.18,57.89083,3.6,47.26667,92.2,37.5,17.3,19.7,21.9,0.6997,0.00371879,47.9,4817.197,-0.1812571,0.3788824,4.749036,26.97338,14.06268,29.70666,12.8,69.22537,1.314861,0.01790296,31.631,64.62701,6.13624,78.7,36.00028,0.0007743875,2.87,10.82881,0.000806554,3.771069,0.2404813,24.53443,31.25929,1075,15333,17.7,23.65,1263590000,6219189000000,21271290000
IRL,93.59399,31.72471,11.30285,36.87286,105.87,69.62871,14.7,88.70667,97.7,90.3,2.5,0.2,,2.6613,0.02093703,30.2,44766.47,1.529896,1.318145,1.066375,67.57265,13.83413,,31.1,48.51463,18.23336,0.4778326,62.386,66.8686,0.1246976,100,100,0.0003440234,3.35,22.55765,,0.3117647,16.67222,104.5096,87.02738,5747,34,5.9,9.3,4586897,211287800000,429306000
IRN,89.68559,23.2305,4.338342,30.16108,86.78,64.42111,13.1,68.34556,96,89.6,5.6,0.2,,1.1881,0.002611264,37,16827.02,-0.5414761,-1.582342,-2.803659,38.48316,17.03431,,,15.4963,0.7938794,0.1511711,71.769,71.71013,26.12222,100,99.98695,0.0002254816,2.42,7.679742,0.0003312911,0.226495,,24.12886,23.24419,9452,3353,10.1,17.25,76156980,1283533000000,6830183000
IRQ,30.84755,15.12145,1.826345,7.099966,62.39,63.28859,15.2,46.65556,86.1,84.8,26.4,3.9,18.9,0.75115,0.001809081,33.2,15032.58,-1.112922,-1.122541,7.12893,62.30939,,83.55954,,,1.559626,0.1013593,69.175,55.2858,45.2271,100,98.89752,0.000003034199,1.92,,0.007362358,0.1243114,,44.44873,29.10025,4705,7918,14.1,21.4,32957620,488219900000,1016662000
ISL,340.7625,35.30538,21.2088,94.67878,134.11,71.19756,6,84.68667,100,98.8,2.5,0,,3.5084,0.04019132,24.5,41076.61,1.485535,1.456888,1.160192,80.54619,,,85.1,,1.681946,0.7560957,93.84,66.65409,0.001179845,100,100,,3.39,22.23918,,1.106712,12.01455,55.01726,49.25024,,,-1.1,1.75,320716,12917920000,109288000
ISR,77.97054,23.18652,16.11137,25.40143,127.87,70.69656,6.9,85.42678,100,100,2.5,0.5,,3.3423,0.002347007,37.1,30658.07,1.251757,0.6240512,2.036035,62.90646,,,25,62.34476,3.261617,0.3333861,91.949,61.80933,0.3051367,100,100,0.0002436003,3.356151,21.9206,,0.2638152,17.47208,35.9519,36.01303,,,13.4,19.2,7910500,253085600000,616786000
ITA,88.39337,25.56017,9.659989,35.35143,109.1,71.1039,10.7,78.95058,100,99.5,2.5,1.1,,3.8608,,33.1,35411.48,0.4101397,0.8912679,-1.353794,75.34012,,,36.3,23.24498,0.001679455,0.7054115,68.56,64.89584,0.2190636,100,100,0.0006495832,3.74,23.59234,,0.4423665,34.02076,28.37924,27.27548,8003,3232,9.5,13.45,59539720,2137463000000,5262916000
JAM,28.35175,8.900936,2.757953,5.586443,76.29,66.1977,13.7,66.83556,93.8,81.7,9.2,,19.9,0.3541,0.008169347,,8016.387,-0.02194768,0.4370274,0.2373219,57.86974,18.80926,68.80756,,34.79144,2.802941,0.06569897,54.127,65.67274,1.344048,92.63344,87.62722,,2.27,26.95019,0.001899251,14.6943,2.85218,30.18371,51.85637,,,20.6,24.95,2707805,23179050000,76771000
JEY,,,,,,,,,,,,,,,,,,,,,,,,,,,,,,,,,,,,,,,,,,,,,,,
JOR,31.36572,13.70544,4.560615,9.390873,80.08,66.88371,12.2,69.97251,96.9,98.6,9.5,0.4,14.4,2.2223,0.001029816,37.3,8979.519,-0.03648276,-0.7358284,-0.9509861,68.82613,,73.19309,,87.16824,4.891308,0.140683,82.97,59.93776,2.693605,99.5,99.99,0.00007205712,2.48,15.25759,0.04239806,12.43907,0.4807788,45.60721,73.23787,3417,5765,11.2,18.3,6994451,72967340000,219386000
JPN,101.8681,24.39386,18.24225,37.09414,88.57,72.53985,4.3,80.8,100,100,2.5,,,2.274,0.009554388,30.3,36367.6,1.396789,1.08682,0.8383393,82.69501,9.48014,,17.9,58.3966,0.009181462,0.5967789,91.902,62.58213,0.0294544,100,100,0.001917436,4.11,10.08218,,0.04263003,1.002593,14.54475,16.09137,6922,5526,7,11.15,127561500,4558489000000,12994450000
KAZ,103.9396,13.06048,3.27703,24.35731,94.87,60.54359,5.3,76.22667,93.1,97.5,2.5,0.1,3.8,3.4684,0.005801652,28.6,21986.32,-0.4413371,-1.157042,4.399991,55.80632,,48.3088,49.2,11.00325,6.321436,0.2482789,53.458,68.23293,36.05513,100,90.08195,0.001101634,2.6,,0.0008056876,0.08250855,,44.10966,29.61407,21162,2106,0.6,6.4,16791420,390383700000,1745294000
KEN,13.17757,1.570365,0.2601604,10.45564,62.58,55.15413,9.2,51.45555,61.6,29.6,22.4,28.4,36.1,0.1854,0.003781541,,2561.61,-0.5388474,-0.3053363,2.552152,60.52122,,,,24.31889,0.3241612,0.02558639,24.37,54.88588,3.367038,23,16.17237,,2.16,15.87837,0.06029123,2.402336,0.08631954,22.22735,35.53772,12,6348,18.9,24.75,42542980,115673800000,560613000
KGZ,26.37751,9.909402,4.714118,7.269582,85.48,61.67402,8.4,65.62889,87.6,93,7.3,4.7,38,1.9124,,32.1,2866.626,-0.6586882,-0.6439648,1.417625,60.18789,18.19559,58.31822,,2.497607,4.671091,0.1908023,35.403,65.33693,7.839483,100,73.17512,0.000013554,2.49,18.11669,0.09331202,30.75445,,44.4042,95.27174,29500,134,-4.6,1.55,5607200,16388180000,147904000
KHM,14.18726,3.238348,0.5763116,8.228621,64.78,59.27485,0.2,49.51778,68.8,37.2,18.6,,17.7,0.1651,0.003014309,36,2806.326,-0.8311046,-0.9608796,5.458724,24.09505,7.53607,3.085971,9.6,,10.26456,,20.137,63.64877,4.026108,31.1,11.44022,,2.2,11.09516,0.06037051,1.225968,,57.88976,62.70767,1,22299,22.3,26.8,14832260,42222350000,210429000
KIR,,,,,74.87,53.1362,,60.20705,66.7,39.7,3.1,,,0.17305,0.006283999,,1803.405,-0.8341485,0.7903357,0.842452,80.13277,,,,,-1.955233,,43.948,60.57025,0.112577,59.32891,54.17229,,,,0.379242,9.660899,,13.10895,91.76268,,,25.3,28.2,106620,181833900,
KNA,,,,,72.17,,,63.79126,98.3,,,,,2.523,,41.9,24000.83,0.8375437,1.137516,-0.9957492,41.04172,,,,82.19721,12.62696,,31.844,,,90.87544,100,,,20.19043,0.03270727,6.974736,,34.81713,43.96487,,,,24.5,53650,1096747000,
KOR,139.3389,25.34843,15.58502,34.53987,95.61,70.44302,3.2,86.45097,97.6,100,2.5,0.2,,2.0843,0.002099473,30.7,31776.9,1.198903,0.7032219,2.371085,54.92541,,,10.1,96.45179,0.7765656,0.3773665,82.141,72.91545,0.04723976,100,99.99,0.0004320216,3.74,14.43566,,0.5373701,16.07315,56.34024,53.54596,8992,4888,6.5,11.5,50004440,1611273000000,6967561000
KWT,198.6884,51.6458,41.83788,44.37532,99.79,70.0211,3.4,64.57875,99,100,2.5,,,2.4323,0.001932401,,78700.46,-0.07675102,-0.6306335,2.265906,85.03918,,,,,1.650249,0.4695865,98.294,74.99401,59.18234,97.69783,100,,2.82,,,0.001501619,,74.73185,26.2796,1640,11962,18.5,25.35,3419581,268411100000,679431000
LAO,,,,,66.08,57.25881,1.4,43.58667,71.5,64.6,18.7,20,23.4,0.1808,0.00611551,38.4,4772.267,-0.8781779,-1.580953,6.24336,37.39002,,,15.5,,3.145306,,35.368,60.27384,19.61166,70,2.390325,,2.4,14.832,0.04720026,0.6252348,,37.87673,60.3084,73,14790,18.2,22.8,6473050,29652700000,
LBN,37.26044,15.63282,5.527941,13.92596,79.46,65.94276,6.2,63.05761,99,80.7,7.6,0,27.4,2.74525,,36.6,13354.76,-0.3415559,-0.4185219,-4.177541,46.2865,7.10915,,,22.5733,7.310704,0.1173781,87.426,68.05169,0.003238309,100,99.99,,2.41,15.48355,0.01822391,15.44087,1.179029,34.47572,60.19141,1630,7888,10.7,16.4,4924257,74954320000,183480000
LBR,,,,,38.07,52.33107,3.7,36.72445,72.9,16.1,37.6,30.7,54.1,0.0228,,32.2,1211.055,-1.170607,-0.3520386,5.059826,33.24344,8.10176,,,,37.25727,0.01360332,48.541,53.85004,30.14237,9.8,1.999998,,2.41,,0.3794861,29.71996,,32.9127,89.25381,1,22089,20,25.3,4190155,3287228000,
LBY,79.40952,37.59205,5.759777,11.79711,,62.43356,19.2,69.78889,,96.6,,,,2.00535,,,24609,-1.48998,-0.938099,-12.06187,70.25227,,,,,1.739813,0.3740011,77.988,66.33443,58.76682,100,99.99,,1.75,,0.001557429,,,74.62246,39.74637,2479,6816,14.4,21.8,6283403,144366700000,498962000
LCA,,,,,83.73,66.31596,,63.14314,96,89.5,,,,0.1053,0.006689148,,11939.59,0.5752629,1.112231,-1.149577,50.40184,12.19245,,,,5.778156,,18.45,66.97827,0.04674041,90.87544,98.82089,,,22.89227,0.02220124,2.272039,,41.92723,52.19332,,,,25.5,180890,1903750000,
LIE,,,,,,,,76.15444,,,,,,,0.01032861,,,1.764361,1.479838,0,,,,,,,,14.365,,0.02297524,100,,,,,,,,,,,,2.2,5.65,36791,,
LKA,19.98345,4.977869,1.212887,9.804397,58.56,66.69591,4,73.77778,93.3,93.8,12.1,3.4,6.7,1.0869,0.005586222,51.2,9980.022,-0.2365158,-0.5912526,7.956076,37.99776,8.75172,33.13001,14.4,24.80333,1.37521,0.05803192,18.297,66.77473,0.6415736,88.66256,25.92821,,2.5,10.40842,0.0067846,8.766867,1.100408,19.81648,31.6756,1,22455,23.3,26.95,20424000,207596800000,408142000
LSO,,,,,74.11,42.32333,27.2,50.41584,81.2,29.3,13.2,47.6,,0.0676,0.002887236,49.7,2715.595,-0.3878078,0.04532221,3.325784,75.79512,,29.11394,5.8,,2.376154,,25.76,58.82491,4.89279,20.56256,38.02239,,2.12,,0.1167468,23.26166,,38.67643,100.3211,6306,1556,5.2,11.85,2057331,4994033000,
LTU,83.78983,20.9042,6.936604,30.04479,124.22,63.54033,13.2,87.66599,95.8,91.2,2.5,0.9,20.6,4.1497,0.02817015,33.4,24018.82,0.828138,0.9050758,6.840193,65.23107,13.53597,,9,,1.343318,0.6377349,66.604,67.39031,1.023378,100,100,0.0001348831,2.58,4.507961,,3.518248,34.42896,78.41087,77.79934,15083,867,2.3,6.2,2987773,73125900000,250345000
LUX,304.3021,175.0178,24.04199,78.37708,115.61,69.30018,5.1,76.21111,100,97.6,2.5,0,,2.7761,0.005460066,28.4,89505.16,1.658783,1.627877,-1.459992,83.45683,,,35.3,125.6341,255.4233,0.7446878,89.247,68.90601,0.1407734,100,100,0.0007025197,3.79,25.90277,,2.988542,29.91943,186.4443,155.4177,,,4.4,8.65,530946,48203680000,161568000
LVA,82.41874,19.21478,8.096075,41.15677,92.08,63.79149,14.9,81.31879,99.1,86.5,2.5,1,19.4,3.0952,0.03560897,35.8,20864.82,0.8298165,0.7402882,6.723595,60.54649,12.42275,80.30125,13.1,,3.849166,0.3439092,67.548,66.81855,2.868986,100,94.26328,0.00004374929,2.52,13.99396,,5.349587,27.56254,61.19888,65.6377,15809,662,1.9,5.6,2034319,42969490000,167666000
MAC,,,,,95.85,,2,,,,12.6,,,,0.0007601795,,124235.7,1.068291,-0.2732405,12.86699,,20.22375,,,,8.288182,,100,79.7093,0.0007934356,90.54264,,,,36.94035,,0.1090136,0.1344892,91.10576,33.06168,,,19.5,,557763,71359590000,
MAR,18.20048,6.07003,1.510815,5.142646,96.3,61.98818,9,46.78556,84.6,75.6,4.6,1.6,4.8,0.63,0.001770394,36.3,6809.833,-0.06867395,-0.6336544,2.711153,35.48916,,41.01336,,53.40573,2.892094,0.09362853,58.697,66.33885,4.586137,100,97.10318,0.0001461003,3.14,23.29676,0.01487657,6.622723,16.07348,34.92955,50.19537,4262,4349,11.1,17.1,32984190,233980000000,600328000
MCO,,,,,,,,,100,100,,,,6.7196,0.002058603,,,,0.8078568,0,88.45718,8.87595,,,,,,100,,,100,100,,,,,,,,,,,10.1,13.55,37404,,
MDA,27.75544,5.478549,2.795883,13.6864,70.47,61.90999,5.6,65.34444,87.9,75.8,,0.6,16.6,2.4695,0.002627321,34.1,4983.834,-0.5523104,-0.07170673,2.832103,46.46989,20.82347,56.58826,28.3,,3.879096,0.1768896,44.857,73.88824,0.1835994,100,91.39577,0.00009748508,2.44,18.64493,0.07915533,27.26871,30.79112,31.13285,65.17356,11851,3213,5,9.45,3559519,15045940000,98796000
MDG,,,,,47.25,54.24657,3.6,45.84256,48.7,11.6,33.4,57.9,70.7,0.1427,0.001681012,37.8,1600.615,-1.089185,-0.8715386,-0.5851507,52.54581,20.32568,5.902079,,,8.170576,0.02485005,33.196,54.43079,8.507991,15.4,1.999998,,2.4,10.09644,0.04166772,3.999291,,21.78069,30.87102,4,10396,18,22.65,22293720,31200380000,
MDV,,,,,117.48,70.2214,11.7,54.75434,98.6,98,11,7.3,,1.6633,0.0002285714,43.4,12261.28,-0.1595239,-0.5154041,3.060114,70.9649,15.29215,,,,9.068142,,42.303,67.24523,0.04310808,100,92.38579,,2.47,13.6795,0.02148864,0.1251935,,86.13309,74.37,,,24.8,27.65,385000,4378783000,
MEX,40.13229,17.97615,2.216948,7.481959,86.59,66.37479,4.9,63.78331,95.1,83.7,4.5,3.8,,2.0497,0.003093774,46.4,16891.49,0.3216981,0.08285546,2.549314,50.86175,,86.73708,13.5,44.2489,1.722306,0.2727348,78.407,64.91816,8.74907,99.1,84.8533,0.000003678188,3.03,,0.0003848496,1.969158,,32.26557,33.50168,796,6965,13.5,21,122071000,1988483000000,4898987000
MHL,,,,,,55.61023,,,94.5,76.2,,,,0.4554,,,3197.184,-1.648769,1.202687,1.248121,83.39571,,,,,11.58852,,71.891,,,59.32891,67.82851,,,,0.4897726,12.5986,,54.95689,99.79024,,,,27.4,52663,192841300,
MKD,37.86988,9.133173,8.284081,15.30781,77.73,65.86706,31,64.18978,99.4,91,4.6,5.8,26.2,2.7748,0.006853625,36.4,11548.33,-0.07341767,-0.01393289,0.7655263,65.43886,,,28,5.736738,3.467445,0.1620093,56.959,70.8606,4.926271,100,66.79841,0.0000477674,2.6,16.41665,0.01613525,4.044571,30.63817,45.37447,66.84058,9407,2884,4.5,9.8,2069270,24607020000,78363000
MLI,,,,,80.82,51.5149,8.1,30.5181,70.9,23.3,6.4,36.2,41.1,0.1069,0.001394832,33.3,1808.012,-0.9861258,-0.5351989,6.210136,34.80502,22.40338,1.305799,,,3.197567,0.01055092,37.579,49.91071,19.81648,25.6,1.999998,,2.101389,12.99131,0.07911401,6.650174,,26.89256,31.77805,492,15567,20.9,28.25,16112330,32999250000,
MLT,41.45856,17.46075,12.79041,18.2308,107.55,69.77267,6.4,73.2538,100,100,2.5,0.1,,3.2818,,28.2,29120.67,1.240345,1.143495,0.6510377,66.57661,15.25658,,53.1,40.88372,37.43137,0.7071366,94.991,67.17004,0,100,100,,3.1,27.32656,,2.253642,18.10256,165.2478,160.6042,,,15.2,19.2,419455,11893940000,17390000
MMR,11.52887,0.8480347,0.3627067,8.607879,82.95,57.72478,3.3,37.05556,80.3,79.4,14,7.7,42.4,0.5851,0.0006542536,35.6,4114.228,-1.530029,-1.652282,0,36.94966,,2.337327,1,,1.785851,,32.469,65.92178,7.719892,52.36256,7.32258,,2.1,,,0.3676734,,11.49836,10.88625,550,15105,17.7,13.05,52543840,,605771000
MNE,49.53102,14.02189,7.774722,19.57296,106.59,65.82583,19.6,77.35555,99.3,94.6,2.5,1,25.2,2.0227,0.01250723,31,14066.42,0.1284785,0.2307308,0.1134038,61.71013,,59.59032,25.9,92.64907,15.12742,,63.457,67.64808,0.9614883,100,61.84518,,2.3,,0.02573837,8.136826,,43.67248,68.09356,9793,2486,,10.55,620601,8572173000,30739000
MNG,49.17498,9.851375,1.164033,16.49623,80.16,58.88105,5,69.36667,63.7,57.9,18.4,0.8,27.4,3.0549,0.0175367,35.9,9752.531,-0.6322616,0.0271119,12.80614,53.56895,,99.89908,,10.51787,36.21447,,69.472,68.76891,38.5691,89.76256,36.61068,0.0004981592,2.22,15.31214,0.04533082,2.606081,17.61684,43.57215,66.01641,30030,619,-7.7,-0.7,2808339,28055410000,138100000
MNP,,,,,,66.30656,,,97.5,79.7,,,,,,,,,,0,,,,,,,,89.36,,,,,,,,,,,50.5992,63.64847,,,,,53314,,
MOZ,15.07524,1.017451,0.2086432,11.10569,46.92,45.94288,22.6,37.20555,50.1,19.8,26.5,46.1,46.1,0.0529,0.001178684,40.3,1125.065,-0.6335297,-0.1981826,4.177594,49.76036,19.76724,,,,38.77105,0.01321264,31.417,50.88698,15.10648,20.2,3.797436,0.000009598597,2.096923,20.36512,0.1805312,1.197909,1.355592,28.88398,72.98767,127,12778,18.5,23.8,25732930,25995950000,387930000
MRT,,,,,82.74,59.55281,31.1,35.22778,56.7,38.2,7.2,6.6,31,0.068,0.002813824,32,3578.105,-0.921975,-0.9566959,2.62872,40.76257,10.01775,45.21555,,,26.49648,0.009531205,58,56.15113,44.25403,21.76256,42.04851,,2.34,,0.08597419,,,53.02395,79.46993,532,13537,20.2,27.65,3777067,13506740000,
MSR,,,,,,,,,,,,,,,,,,,,,,,,,,,,,,,,,,,,,,,,,,,21.6,,,,
MTQ,,,,,,,,,,,,,,,,,,0.7372631,0.6166099,,,,,,,,,,,,,,,,,,,,,,,,22.2,,,,
MUS,25.57724,10.67457,4.506793,6.857332,87.89,64.39254,8.7,71.80968,99.8,93,5.5,0.7,7.9,1.3739,0.001711148,34.9,17093.32,0.9513338,0.8636461,3.329134,48.20404,14.96062,46.62646,25.1,62.73209,5.146216,0.1529833,40.164,70.8913,0.003757784,100,99.25863,,2.83,18.98457,0.01776702,0.007530739,7.043159,53.79216,65.70795,,,18.9,22.4,1255882,21301150000,32122000
MWI,,,,,63.27,50.45564,7.6,43.96667,84.7,39.7,20.3,53.6,50.7,0.019,0.0009840491,39.1,1087.121,-0.4911953,-0.2226822,0.2492666,56.12194,,42.45596,5.5,12.49985,-0.8675896,0.008152639,15.798,50.85053,12.06167,9.8,3.086507,,2.78,,0.157963,0.4694939,,26.2034,41.6782,124,9344,16.6,21.9,15700440,17045630000,
MYS,69.02567,21.14924,7.865188,12.72971,80.13,66.14621,3,67.05444,97.9,95.9,3.4,0.15,1.15,1.3273,0.00497565,42,22670.29,1.0099,-0.3332165,3.732216,55.22338,,,9.3,148.3855,2.829059,0.3987519,72.526,68.33988,9.95386,100,99.99,0.0001134659,3.43,15.61316,0.0000566709,0.4114598,,79.29991,68.54184,1,21354,21.2,25.4,29021940,671122500000,2003259000
NAM,27.38775,10.73334,,,58.2,53.75616,16.7,52.01889,88.8,33.1,33.9,15.05,23.05,0.374,0.0192604,56,9249.688,0.1310832,0.3697218,2.80509,58.94202,,16.14501,,0.009286579,8.276317,,43.666,59.1274,2.51202,47.26256,45.00772,,2.72,23.11222,0.02103121,0.1036358,,43.41161,60.15507,3367,5742,12.7,19.95,2291645,20674980000,62763000
NCL,,,,,88.59,,,,98.5,100,7.3,,,,,,,,,0,,,,,,,0.4247104,68.509,67.30205,,59.32891,,,,,,,,,,,,19.1,,259000,,
NER,4.859495,0.8236663,0.1187926,3.718406,81.65,52.12804,5.1,19.79333,56.2,10.1,10.6,36.6,48.9,0.0513,0.001074463,31.7,859.7866,-0.7069674,-0.3352402,2.801442,36.20435,19.19202,4.14231,,,12.25863,,17.986,47.20201,20.31109,14.4,3.180027,,2.45,,0.1388024,2.187244,,21.86317,39.36487,642,15581,19.4,27.15,17635780,15576830000,85701000
NFK,,,,,,,,,,,,,,,,,,,,,,,,,,,,,,,,,,,,,,,,,,,,,,,
NGA,28.9818,2.173961,0.4532027,23.45982,62.78,52.80138,7.5,42.486,65.5,29.9,7,40.3,46,0.3827,,39.1,5290.63,-0.9991663,-0.7345178,1.806021,31.31686,,4.589192,,12.19324,1.533762,0.01979311,45.234,53.17276,18.64093,55.6,24.84682,,2.27,1.556757,0.004762141,4.45662,,31.54659,12.98578,215,17645,20.8,26.8,168240400,909730400000,4875909000
NIC,15.6904,4.210457,1.12795,8.664405,65.57,67.81609,7.1,48.39,86.2,66.8,19,3.4,29.6,0.8759,0.004066167,42.8,4374.824,-0.889406,-0.5412161,4.647791,52.97585,,45.63551,5.3,,7.354264,0.07765822,57.841,63.53712,6.53665,77.9,46.20539,,2.216281,15.14309,0.0543417,9.735754,,47.4693,67.70809,1,15024,20.3,24.9,5877034,26377150000,92213000
NIU,,,,,,,,,,,,,,,,,,,,,,,,,,,,,,,,,,,,,,,,,,,21.6,,,,
NLD,152.5558,28.41976,13.31432,47.58423,111.94,69.76247,5.3,89.35323,100,97.8,2.5,0,,3.2468,0.008274623,26.3,45948.54,1.799707,1.626893,-0.1245201,86.52489,11.61935,,18.8,78.51061,28.92284,0.5347089,88.575,66.44006,0.952424,100,100,0.001020474,4.15,19.60819,,0.1979286,38.35557,79.50337,69.76505,7785,398,5.5,9.25,16754960,778249300000,2556066000
NOR,170.7567,38.39936,46.22768,57.65922,110.99,69.43176,3.2,90.99223,100,98.1,2.5,0.1,,4.2374,0.01870452,24.7,62922.82,1.892404,1.752518,0.533998,84.89682,17.45271,,53.1,47.62852,5.425545,0.5985765,79.665,66.16812,11.89266,100,100,0.0005507542,3.86,26.98957,,0.150387,18.98647,40.68244,27.53497,20101,15,-2,1.5,5018573,328213900000,856955000
NPL,15.20884,1.082598,0.2537407,13.0219,67.93,59.96627,2.7,45.23111,88.9,41.1,9,15.8,25.2,0.5036,0.0003943199,38.4,2154.793,-0.9860057,-0.6828322,2.91034,41.86333,,43.48538,,,0.4880065,,17.518,59.44958,5.516571,76.3,20.45166,,1.87,13.86214,0.04429826,25.42735,,10.07389,33.58431,4866,5914,1.5,8.1,27500520,59228860000,418251000
NRU,,,,,,,,,96.3,65.6,,,,1.3725,,,7905.089,-0.5578845,1.102356,0,93.60197,,,,,,,100,,,,,,,,,,,70.6424,50.60141,,,24.5,,10079,,
NZL,122.8686,43.11404,17.86234,24.99648,91.77,68.72543,6.9,91.67667,100,,2.5,,,2.6788,0.021529,32.3,33280.25,1.790028,1.63599,2.043295,82.80474,19.35049,,20.3,29.93482,2.116124,0.6542501,86.2,65.90776,2.166794,100,100,,3.42,28.4201,,0.2614592,2.884043,28.86151,28.16579,2592,335,6,10.55,4408100,145756100000,541617000
OMN,207.1549,44.44075,17.52402,19.05821,87.88,64.51424,7.4,60.32791,93.3,96.7,5.1,,,2.0363,0.01698921,,42619.5,0.2626997,-0.9839407,-6.221426,82.4312,,,,39.67869,1.114014,0.2284785,76.204,74.28966,40.13021,97.69783,100,,2.96,2.613335,,0.05110158,,71.48913,44.87401,263,15204,20.8,25.6,3545192,148703100000,734404000
PAK,16.95432,3.029135,0.9494835,9.010484,64.57,56.45291,5.1,37.16673,90.9,58.3,21,10.45,32.9,0.8748,0.0014879,35.1,4148.942,-0.7889327,-0.8837974,0.9684443,36.90448,11.04063,16.79939,,15.23608,0.3823791,0.01518899,37.428,59.82657,4.459595,93.6,40.96276,0.0001162339,2.69,10.09936,0.01056947,6.235139,,12.39666,20.40884,3615,11707,13.2,20.2,177392300,791333200000,3007565000
PAN,37.29485,13.77358,6.219948,11.97486,77.32,68.65724,4,65.74111,93.7,73.4,10.5,3.6,26.5,1.5969,0.00404326,46.6,18452.67,0.3133986,0.4572264,8.677101,68.61818,,63.45372,10,31.0751,8.464323,0.1422625,65.698,64.73386,0.5040286,90.87544,85.07867,,2.94,,0.001378413,1.028413,,75.19126,82.86729,1,22130,21.3,25.4,3743761,69870440000,139623000
PER,22.56564,8.795784,1.899149,6.283877,74.89,68.80676,3.6,66.43378,85.5,73.7,9.4,4.3,25.8,1.1164,0.004664382,46.4,11185.81,-0.1576194,0.06970557,4.809499,54.99793,14.37909,89.521,4.2,53.25111,6.184576,0.06814595,77.616,64.86526,11.76243,91.2,65.08798,0.000002519997,2.73,16.5383,0.002375941,1.44676,9.365348,27.44961,25.17028,2243,3485,13.5,19.6,30158770,333292200000,680552000
PHL,10.60809,3.649873,1.405205,3.966941,59.56,60.44087,7,60.99841,90.8,71.8,14.1,10.4,25.2,1.275,0.002253625,44.1,5967.489,0.07757077,-0.05430249,3.517032,31.09485,,36.83522,8.5,91.69288,1.285692,0.0348552,44.81,62.81909,3.182755,87.5,45.87976,,2.8,12.8877,0.0003286913,9.840247,,30.81905,34.08039,1,24537,21.6,25.85,96017320,590801300000,1018560000
PLW,,,,,,,,78.67599,,100,,,,1.2997,,,14882.88,-0.5578845,1.211807,3.397155,72.00036,,,,,10.1023,,85.039,,,59.32891,98.35986,,,,0.06916095,1.101894,,60.72544,90.28442,,,,27.6,20756,280414300,
PNG,,,,,,49.42825,2.5,37.63111,39.9,18.9,,30.2,39.9,0.0529,0.001306662,50.2,3145.863,-0.7690706,-0.03569432,6.995893,80.29124,,4.243659,,97.82026,-0.4143964,,12.982,58.78196,33.50269,18.10671,31.74,,2.2,,0.05495776,0.09260777,,,,1,14741,20.1,25.25,7154870,18072930000,
POL,74.76879,18.09779,6.876806,31.94587,101.54,65.88056,10.1,82.46999,98,95.7,2.5,0.2,17.3,2.219,0.01082503,31.6,23218.11,0.664091,1.04002,3.243089,69.17048,11.31258,64.41412,12.7,35.46552,1.47093,0.5825317,60.688,70.97026,2.362651,100,100,0.0003867256,3.1,15.91174,,1.397163,40.45097,44.44359,44.88387,13126,1616,3.8,7.85,38063160,898235800000,2845937000
PRI,,,,,,69.31425,14.6,,,99.3,,,,,0.007390864,51.9,34622.06,0.4088827,0.6646183,-1.169938,,,,,,,0.8086883,93.722,66.59451,,90.87544,,,,,,,,57.45248,45.8586,,,,,3634487,124561900000,
PRK,,,,,55.36,62.69684,,,,,42.1,,,3.4389,,,,-1.928125,-2.179177,,,,,,,,,,,,,,,,,,,,,,,,0.3,5.7,,,507128000
PRT,66.04491,21.88183,9.898102,18.07778,110.27,69.41132,15.6,72.76147,99.9,99.5,2.5,0.6,,4.0752,,34.7,25787.73,1.034001,0.9967152,-2.665263,64.0308,,,18.9,30.28127,10.16357,0.5522669,61.758,65.87355,0.5990907,100,100,0.0003274418,3.42,20.88178,,0.2132263,29.32213,37.77802,38.27282,1818,1874,10.2,15.15,10514840,285216800000,694452000
PRY,29.4048,10.38569,3.621479,10.33568,68.67,65.1062,4.9,58.73222,93.4,85.4,12,3.1,31.4,1.2859,0.005025582,46,9827.019,-0.8991864,-0.1436983,0.1573801,44.4994,19.60245,52.27019,4.9,,3.028722,0.09446037,58.94,62.75573,4.738338,98.2,57.55194,,2.41,12.79424,0.005294702,2.576486,19.37867,36.87652,35.68381,552,13928,17.7,23.55,6379162,47506740000,187578000
PSE,,,,,,63.13216,23,,65.1,92.2,,0.6,25.8,,0.001157923,38.4,4568.509,-0.7532701,-0.8810189,7.849061,,,12.95802,,25.34833,0.5584106,0.07586052,74.577,55.73304,,97.69783,,,,4.562388,0.184873,15.40019,,16.58865,55.85315,412,7936,,,4046901,19955280000,
PYF,,,,,98.12,,,,100,98.4,4.1,,,,,,,,,0,,,,,,,,56.218,70.2818,,59.32891,,,,,,,,,,,,,,273775,,
QAT,328.6387,73.16096,23.93204,26.48956,,67.20735,0.5,68.56867,100,98,,,,2.8424,0.004876902,41.2,120366.3,0.945449,-0.7999419,2.055216,84.94442,11.80998,,,75.57565,0.2080401,0.4316281,98.946,84.47582,38.0846,97.69783,99.99,,3.23,14.65495,,0.4221438,,76.47241,29.27387,,,21.3,27.15,2015624,272959300000,662412000
REU,,,,,,,,,,,,,,,,,,0.997093,1.280952,,,,,,,,,,,,,,,,,,,,,,,,16.4,,,,
ROU,50.52957,11.20294,3.578017,20.48381,103.52,64.22175,7,74.78943,99,78.3,2.5,5.6,23,2.5959,0.004197071,31.9,18361.21,-0.3140972,0.3012666,1.322019,80.2687,8.43579,83.68855,26.7,7.565658,1.775304,0.2616906,54.091,67.94166,2.470159,100,79.00285,0.0002067999,2.51,17.95574,,0.4271227,28.59321,37.40895,42.53348,12721,2614,3.8,8.8,20058040,379303000000,1013524000
RUS,131.1317,27.37276,7.394061,42.61241,103.47,60.62721,5.5,77.99555,96.6,72.2,2.5,0.1,10.7,4.0276,0.008962095,42.4,25156.42,-0.4256238,-0.9759921,3.762543,55.17562,11.14676,,32.7,38.03157,2.331067,0.317189,73.786,71.43595,20.35192,100,99.27098,0.001009848,2.45,13.99647,,0.2666977,21.01435,26.88345,20.22611,19682,1707,-10.1,-5.1,143201700,3625385000000,18778280000
RWA,,,,,57.54,57.3829,0.6,47.81667,74.3,59.1,32.5,41.3,39.1,0.0998,0.0004344872,45.6,1575.88,-0.06033417,-1.25679,5.66467,36.93694,15.92128,56.25723,,,2.213608,,25.894,55.12588,6.427135,18,1.999998,,1.88,13.66855,0.1328886,2.526509,,12.62521,31.38272,4,5057,11.9,17.85,10817350,16341530000,
SAU,189.2371,57.16261,23.74522,26.16869,91.1,65.10466,5.6,72.06588,97,100,5.7,,,2.4588,,,49541.42,0.02586319,-1.811445,5.051565,71.23938,,,,50.87156,1.659824,0.1933442,82.51,67.73249,48.70845,97.69783,99.99,0.00001006915,3.22,,,0.03350611,,54.27084,29.24095,1506,9944,18.2,24.65,29496050,1466824000000,5581747000
SDN,11.10589,3.120086,0.5823016,6.209997,68.97,58.34369,14.6,30.59556,55.5,23.5,23.5,13.6,46.5,0.28,,32.9,4074.022,-1.457651,-1.770111,8.334171,22.82569,,7.448155,,,3.687194,0.00262513,33.315,55.29733,9.766763,32.56256,27.90427,0.000000344714,2.01,,0.021785,0.9504766,,9.219192,15.50181,237,14852,19.4,26.9,37712420,146082700000,418830000
SEN,8.232592,2.083656,0.5014474,4.744811,59.52,57.48191,10.3,36.78111,76.3,46.1,13.3,29.6,46.7,0.3103,0.001088526,35.2,2800.412,-0.4708664,-0.03614125,-0.04905462,50.56303,,18.27141,22.4,,1.966266,0.04223624,42.781,53.27166,6.388183,56.5,39.26889,,2.31,19.18222,0.07889553,11.49044,,22.25665,39.00152,92,17383,20.8,27.85,13780110,30664820000,113446000
SGP,129.5629,21.34256,16.16226,17.94054,,73.21474,2.8,75.88889,100,100,,,,1.83,0.0006447135,40.2,77492.63,2.151905,0.07670367,2.576852,35.54654,20.94088,,19.4,264.487,19.7567,0.1554465,100,73.51344,0.0004983452,100,100,,4.15,13.85384,,,,196.7196,172.4933,,,22.6,26.45,5312437,409978000000,688295000
SHN,,,,,,,,,,,,,,,,,,,,,,,,,,,,,,,,,,,,,,,,,,,,,,,
SJM,,,,,,,,,,,,,,,,,,,,,,,,,,,,,,,,,,,,,,,,,,,-11.1,,,,
SLB,,,,,56.74,56.55118,3.8,40.54988,80.5,28.9,12.1,21.4,12.7,0.1559,0.002531129,44.3,2102.19,-0.8243815,-0.04848881,6.416512,92.96271,,,,,2.329619,,20.964,56.27156,36.2399,22.80671,8.701002,,2.03,,0.3664469,2.021515,,59.70601,61.17234,,,,25.65,549162,1132622000,
SLE,,,,,56.6,49.01752,3.4,30.45,59.5,12.8,23.7,38,52.9,0.025,,33.8,1413.881,-1.204362,-0.3508093,8.097708,17.6309,14.12596,30.19532,,,18.74815,,38.885,54.16545,9.250648,14.2,1.999998,,2.5,,0.1383739,1.674716,,32.90533,60.36879,1,22255,21,26.05,6043157,9795347000,
SLV,18.36557,7.160463,1.383346,5.823064,71.98,63.88944,6.1,55.32619,91.6,72.6,12.2,4.1,34.5,1.596,0.001139284,39.4,6646.159,-0.1430124,-0.07360041,1.76326,62.8011,,60.1891,9.8,45.11275,1.880058,0.03631135,65.287,63.30291,1.626584,93.7,79.27968,,2.46,14.53287,0.0101731,16.361,11.16462,28.57131,49.07785,1,13391,18.4,24.45,6072233,47726910000,111520000
SMR,,,,,,,,,,,,,,5.1411,,,59923.91,,1.211807,0,93.39552,,,,,,,94.123,,,100,100,,,,,,29.63717,,,,,8.2,11.85,31172,,
SOM,,,,,,49.68867,6.9,,,,,,,0.02895,,,,-2.225444,-2.233534,0,,,,,,,,38.153,49.7291,,32.70795,4.583317,,1.5,,,,,,,1,17788,21.3,27.05,10033630,,
SPM,,,,,,,,,,,,,,,,,,,,,,,,,,,,,,,,,,,,,,,,,,,,,,,
SRB,50.30659,10.21937,9.720551,23.02448,82.52,64.49837,23.9,69.54444,99.2,96.5,6.1,5,24.5,2.4913,0.006146343,33.9,13719.66,-0.1137179,0.1836556,0.8264184,61.16344,9.59923,65.49812,27.9,8.727922,3.132126,0.2610194,55.307,67.39529,4.096661,100,68.63474,0.0001112643,2.62,19.72139,0.02862918,8.709954,35.53748,35.84481,49.62602,11498,2484,,10.55,7199077,93588530000,362161000
SSD,,,,,,49.84932,,,,,,33.3,50.1,,,42.6,1622.023,,,,,,,,,,,,,,,,,,,,,,42.83205,28.78776,12,16995,,,,,22712000
STP,,,,,53.03,59.68586,,46.91658,97,34.4,14.6,26.8,66.2,0.32,,27.3,2638.597,-0.7166464,0.1428682,2.454031,28.85234,13.71965,,,,8.460896,,63.265,53.48211,2.901236,60.46256,28.76522,,2.24,13.89561,0.2324878,2.394226,,,,,,,23.75,178484,528293000,
SUHH,,,,,,,,,,,,,,,,,,,,,,,,,,,,,,,,,,,,,,,,,,,,,,,
SUR,,,,,62.23,63.08885,6.3,58.83803,94.8,79.3,8.3,,,0.7088,,,15015.72,0.00908277,0.287683,3.134108,52.83019,,,,,3.402453,0.3168078,66.208,65.47759,21.07397,100,88.57449,,,19.54745,0.008629207,0.161797,,,,,,,25.7,528535,8307583000,
SVK,79.28742,17.91578,7.446771,27.26026,69.14,65.48982,13.9,80.21,100,98.8,3.9,0.3,12.8,3.3833,0.01014668,25.6,26498.51,0.8264281,0.9456594,2.027822,69.72459,9.79439,88.6191,13.6,4.954943,1.909467,0.3931242,54.163,72.06821,0.5382301,100,99.95227,0.0004469856,2.99,12.13193,,2.071881,42.8503,91.03588,85.51661,13326,1989,2.1,6.8,5407579,141090700000,428753000
SVN,101.1939,38.71067,11.32241,33.43786,98.26,67.77528,8.8,86.30833,99.5,99.1,2.5,0,14.5,2.5374,0.01895089,26.1,28108.66,1.018601,0.9814042,-1.255244,72.63493,12.63184,,26.5,14.0027,0.07255208,0.566909,49.856,68.606,0.3910894,100,95.79347,0.0003606916,3.24,17.55027,,1.394246,39.82349,72.89159,69.49284,13571,1387,4.2,8.9,2057159,58591490000,208172000
SWE,144.9294,33.18306,26.34469,52.38842,105.25,70.38442,8.1,83.0134,100,99.3,2.5,0.4,,4.0396,0.06088258,25.7,43896.93,1.941426,1.708233,0.4248023,84.35164,15.2498,,67.5,,0.7999724,0.5271355,85.363,64.52983,1.141794,100,100,0.0006738888,4.13,26.06779,,0.7483168,9.686324,45.20081,40.64638,13796,253,-2.1,2.1,9519374,422981300000,1379637000
SWZ,,,,,,42.46009,22.5,55.12889,74.2,57.5,,,,,,60.5,,-0.5492514,-1.196433,0.5623341,71.8792,,51.6493,,,1.826246,,21.374,58.40355,2.52707,42,38.37492,0.000000081189,,,0.02439437,0.6373812,,,,636,7524,15.5,,1231694,9694225000,
SYC,,,,,,64.88036,,63.59289,95.7,98.4,,0.9,39.3,1.0076,0.005956762,40,22618.01,0.3756714,0.08462796,8.134079,93.01177,,,2.1,,54.0621,,52.915,70.13774,0.1498898,100,99.77663,,,28.40093,0.03230519,1.557752,6.072866,99.32936,117.1538,,,24.5,27.15,88303,2141482000,
SYR,19.54621,6.159943,2.387236,5.283062,,58.55605,11.4,55.31916,90.1,95.7,,,,1.4978,0.003497365,,,-1.221849,-1.796097,0,46.30872,,,,,,0.2854532,56.459,59.9437,,96.26256,99.99,0.00009294873,2.54,,,,,,,4096,7118,10.8,17.75,19978760,,390509000
TCA,,,,,,,,,,,,,,,,,18952.3,,,0,,,,,,,,91.09,,,90.87544,,,,,,,,,,,,,,32430,,
TCD,,,,,62.77,49.26563,7,25.58519,50.7,12,37.6,30.8,46.7,0.0416,0.003145776,38.4,1950.654,-1.492773,-1.346059,0.9718657,47.39277,,,,,4.687821,,22.129,49.07012,31.28328,6.4,4.790998,,2,,0.04127518,,,38.46806,42.10757,267,15358,18.6,26.55,12715470,25398010000,
TGO,12.33029,2.580652,0.3651279,9.270661,58.14,52.54821,7,51.44222,61.1,11.5,19.2,40.6,58.7,0.2022,,39.1,1334.661,-1.325619,-1.042283,2.057886,38.11312,17.68043,,,,3.14276,0.02490519,38.493,54.56628,10.68799,31.46256,4.751754,,2.46,16.60055,0.06989609,8.916328,,46.58844,60.39771,29,20115,21.8,27.15,6745581,8797506000,83175000
THA,57.24466,13.89018,4.982109,11.18384,60.38,68.17131,0.7,60.79653,97.1,93.2,8.4,0.2,12.6,0.3905,,42.1,14450.01,0.2074008,-0.3446989,3.617036,85.03819,21.39677,98.99918,3.5,98.10356,3.245621,0.1898236,46.682,72.03838,4.113654,100,75.86174,0.0001117263,3.08,15.45133,-0.0002404894,1.186381,4.406915,69.75546,68.72372,8,19740,21.2,26.3,67164130,997610900000,3844788000
TJK,10.74666,0.581773,1.588086,1.588086,61.72,61.16866,11.1,63.94444,71.7,94.4,,5.7,34.3,1.7009,,43.3,2359.552,-0.9332111,-1.393574,5.057597,29.37486,16.35024,39.28873,,,2.597658,,26.568,61.61047,2.203429,100,68.58625,0.000003026127,2.03,,0.06032642,47.49764,,17.27728,65.89867,19853,804,-3.9,2,7930929,18925790000,85231000
TKM,136.978,21.9438,1.418535,58.72269,90.85,61.39908,10.8,67.87129,,,4.9,,,2.2376,,,12235.23,-1.29339,-2.210359,11.44768,64.90607,20.79551,,,,8.900018,,49.023,67.35973,36.82391,100,99.99,0.000350091,2.152215,,0.00134234,0.105505,,58.83274,50.50091,10073,4624,8.7,15.1,5172941,65641230000,708579000
TLS,,,,,57.66,60.87697,4.1,47.24067,71.2,39.8,26.7,26.3,41.8,0.19395,,,10174.26,-1.193464,0.05710651,3.980255,90.85897,6.66565,,,,3.118335,,30.832,53.62479,,41.56256,6.774754,,,,0.2549265,9.255584,,97.88206,35.95543,1,23723,,25.25,1148958,2385219000,
TON,,,,,,61.98524,,72.03333,99.4,91.3,,1.7,22.5,0.5223,0.006490469,40.3,5239.055,-0.1937221,0.3914704,0.8823037,80.7044,,1.288274,,,0.3922768,,23.498,56.84029,0.06569313,95.86256,55.35202,,,,0.1974974,25.72389,,17.01204,60.7578,,,22.5,25.25,104769,537758800,
TTO,418.4182,32.51318,9.084817,13.58474,81.39,65.16544,5,70.03207,95.1,91.5,7.5,,,1.8212,0.007149784,,31172.35,0.4025942,0.4566493,0.1769662,50.06775,,,19.8,,9.979075,0.2743036,8.795,70.56461,29.32231,99.8278,99.99,,,27.64161,,0.5128709,5.809109,,,,,21.5,25.75,1341579,41014630000,561341000
TUN,28.51626,8.406495,2.760844,9.856461,99.66,66.58022,14,62.14556,96.9,90.3,4.5,2.3,20.5,1.24455,0.001801717,33.9,10442.27,-0.04855794,-0.2179137,-0.4691541,57.91954,21.61525,14.42593,20.4,21.09111,3.450544,0.1186732,66.274,69.36404,7.18329,100,99.96055,0.0001423336,2.88,21.12786,0.02392928,5.029982,25.4607,48.54622,57.98486,1838,7461,13.5,19.2,10777500,115023600000,307334000
TUR,48.84971,9.634868,4.616764,18.24395,107.53,67.0471,9.2,65.20237,99.5,93.7,2.5,0.7,16.3,1.7403,0.00515375,40.5,20259.44,0.4037693,-0.2296157,3.594851,79.23682,,51.35054,6.3,39.95591,1.683942,0.1713713,71.834,66.41447,0.6663542,100,95.85126,0.0000614302,3.62,20.37735,0.003991965,0.2384444,27.22836,23.66737,28.57794,10165,2802,5.4,11.1,74849180,1380911000000,3656361000
TUV,,,,,,,,,97.7,83.3,,4.3,26.3,1.0042,0.000811359,42.4,3027.938,-0.6871995,0.6983551,4.057157,99.03886,,,,,3.322928,,56.815,,,44.56256,82.20535,,,,0.6681345,9.619626,,,,,,24.9,28,9860,35031860,
TWN,,,,,,69.61761,,,,,,,,,,30.7,,,,,,,,39.3,,,,,,,,,,,,,,,,,,,,,,,2733527000
TZA,16.60434,1.355084,0.2229385,11.69704,56.9,54.82773,3.2,42.58889,55.4,14,32.9,36.3,28.2,0.0302,0.001777587,43.5,2362.932,-0.6925336,-0.1835858,3.185833,48.77494,,24.97033,31.5,,4.604118,0.006989311,29.493,51.66159,8.735985,15.3,4.235655,,2.41,11.68392,0.07975194,0.9981104,0.00002971593,22.37207,31.99752,43,6994,16.7,22.35,48645710,108131700000,807730000
UGA,,,,,53.71,53.11847,4.2,47.86437,75.8,18.5,32.3,28.2,19.7,0.0928,0.0005649619,37.8,1689.777,-0.5680426,-0.479854,3.551531,28.40234,12.60984,60.71393,,31.3903,5.18739,0.01129924,15.115,48.77493,12.58726,18.16256,2.558482,,2.35,10.98664,0.07164388,3.930233,,20.21672,33.12177,1,7179,16.6,22.8,35400620,60056950000,
UKR,66.6213,10.82582,4.850932,26.13406,88.33,61.91876,7.5,79.55111,96.5,95.8,2.5,0.1,9,3.4991,0.003721907,25.3,8322.173,-0.5832726,-0.2860896,2.981424,55.228,13.66552,71.3867,54.7,15.72328,4.650663,0.1953577,69.072,70.15073,10.83581,100,96.02158,0.001079172,2.69,18.31654,0.005482749,4.806539,34.40094,47.72078,56.37228,13046,2880,4,8.3,45593300,386275600000,3037485000
URY,46.61304,13.82438,7.175382,13.58856,88.4,66.69525,6.5,71.22624,99.3,95.9,2.5,0.2,12.4,3.736,0.02288421,37.3,18574.73,0.4449588,1.027336,4.003286,68.03836,,79.82296,29.2,,5.011596,0.2293169,94.803,63.82121,2.40562,99.5,98.84518,,2.87,18.82189,0.000450948,0.2375133,32.29166,25.91963,29.14153,1875,6242,12.2,17.55,3396753,63919670000,158333000
USA,191.3782,79.62447,30.93298,60.16206,109.68,66.96291,8.2,88.97592,99.1,100,2.5,1,,2.5041,0.02096961,37.7,50632.45,1.511175,1.133208,1.137817,47.25972,,,10.8,115.5558,1.504223,0.8006845,81.108,67.01846,1.487398,100,100,0.0000303022,4.14,9.821101,,0.03901517,34.46069,13.52892,17.03926,7739,5539,2.2,8.55,314102600,16155260000000,60112400000
UZB,50.0363,4.301903,1.35962,25.28627,81.96,60.64334,10.8,65.11111,87.3,100,7.4,,15,2.4375,,,5821.528,-0.9396484,-2.005132,6.023669,48.16663,,,,,1.100043,,36.182,66.67232,24.37555,100,87.78059,0.000101597,2.25,,0.005647817,11.12332,,21.38795,20.12017,11964,3098,5.8,12.05,29774500,142655300000,1489806000
VCT,,,,,85.65,63.69559,,65.6834,95.1,,6,,,0.6587,,,10091.74,0.8375437,1.033534,0.4660964,51.9446,,,4.9,,16.65415,,49.495,67.40355,0.06629845,75.90575,99.99,,,,0.01272349,4.489474,,27.17431,58.02864,,,,26.8,109334,1114434000,
VEN,68.32153,25.22396,5.755866,9.746824,75.21,66.11644,8.1,68.24826,92.9,94,4.8,,27.2,,0.003221955,36.8,17998.3,-1.136799,-0.9223369,3.379452,34.89746,,,0.2,,1.307679,0.1694902,88.851,65.19154,25.70708,100,93.50188,,2.17,,0.0001128704,0.03094788,,26.17101,24.23255,1,17952,20.3,25.35,29854240,538208900000,2039687000
VG,,,,,,,,,,97.5,,,,,,,,,,0,,,,,,,,45.253,,,,,,,,,,,,,,,,,28511,,
VIR,,,,,,65.56247,,,100,96.4,,,,,,,,1.256923,0.8380574,0,,,,,,,,94.916,64.23135,,90.87544,,,,,,,,80.04884,76.04395,,,,,105275,,
VNM,23.26735,4.654574,1.97001,8.753192,80.65,65.18825,1.8,51.34889,93.8,73.1,12.2,3.3,17.2,0.815,0.002200988,39.6,4856,-0.2906829,-1.386534,4.619408,53.45129,21.43734,57.73924,14.6,19.65733,5.370299,0.02071857,31.668,70.26419,12.32527,99,51.0586,0.00005132351,2.68,,0.02957898,6.417661,,80.02862,76.52531,142,17369,20.6,24.45,88809200,444113900000,2066355000
VUT,,,,,68.04,55.94083,,59.55111,90.9,57.9,6.3,12.7,12.7,0.1859,,39.6,2875.762,-0.2227292,0.4720519,-0.8340418,85.54752,,,,,7.725255,,25.2,58.33502,1.260058,27.07681,14.96395,,,15.98578,0.1337721,2.819043,,49.08789,50.83891,,,,23.95,247498,730716400,
WLD,52.86041,14.83507,4.7783,16.65812,,,5.994816,,89.48913,65.9299,11.3,11.4,,1.502126,,,13880.26,,,2.403748,60.21875,14.25253,,,77.67368,2.689382,,52.45517,65.72082,5.059873,84.58465,58.57581,,2.76948,14.38031,0.001935364,0.6728842,,30.63278,29.94839,,,,,7089452000,99396280000000,374751300000
WSM,,,,,87.47,62.95163,,70.15082,98.5,91.6,3.1,2,20.3,0.3805,,,5377.474,0.09021197,0.4250028,2.268827,86.48117,,,11.8,,1.726903,,19.639,56.87212,0.6560276,100,38.39199,,,0.01955713,0.1661851,22.09564,,28.39402,57.42573,,,23.8,26.7,188901,1087537000,
YEM,6.800121,3.134295,0.4568619,1.984504,59.57,56.88615,17.7,33.92222,54.9,53.3,26.2,17.3,48.6,0.3104,,39.1,3861.117,-1.275767,-1.385639,-9.173149,27.41135,,,,,-0.04439374,0.03416015,32.874,55.89634,20.26066,48.40671,67.95927,,2.62,,0.02668305,10.44746,,,,147,12337,18.6,23.85,24882790,91458280000,169206000
ZAF,56.83261,13.7554,4.613211,16.65255,84.53,51.32286,25,69.54472,92,64.7,4.5,14.55,54.35,0.7254,0.01426787,58,12253.22,0.3251969,0.5557596,1.148713,48.62455,20.62222,62.76358,29.7,228.4233,1.164114,0.1661628,63.272,64.5985,10.14608,85.4,86.69639,,3.79,25.51997,0.00275485,0.2729168,2.24747,29.72388,31.17582,3468,3592,10.6,17.75,52356380,659635000000,2975550000
ZMB,20.49514,0.8828951,0.935037,14.1669,54.43,51.35866,13.1,59.13334,63,43.2,47.7,48.5,54.7,0.1632,,50.2,3566.383,-0.4997167,-0.1434008,3.409529,51.62265,,1.61106,26.7,13.57432,6.789381,0.02231753,39.587,50.6622,19.40396,22.06256,17.32283,,2.070303,16.14834,0.04184868,0.2857069,,40.08242,39.01732,519,6964,14.5,21.4,14786580,52524900000,303053000
ZWE,28.23209,2.401706,1.028802,19.53234,50.74,47.63367,5.3,49.99333,77.5,37.3,,,,,,40.4,,-1.198275,-1.445051,8.95096,41.45295,,,7.5,,3.223668,0.05561093,32.834,55.37716,12.97443,40.46256,29.64798,,2.2,,0.08650704,,,,,1368,6488,14.2,21,14565480,24457270000,411214000
ZZBL,,,,,,,,,,,,,,,,,,,,,,,,,,,,,,,,,,,,,,,,,,,,,,,
ZZKO,29.1663,7.668956,6.263018,13.7259,,,,,,,,1,22.9,,0.001109572,31,8386.806,-0.3874948,-0.2408619,2.858579,,,44.41085,,,4.510481,,,,,100,,,,,0.09278297,16.29195,,23.25667,53.89855,,,,,1805200,15418780000,52651000
ZZYU,,,,,,,,,,,,,,,,,,,,,,,,,,,,,,,,,,,,,,,,,,,5.2,,,,
ZZZA,,,,,,,,,,,,,,,,,,,,0,,,,,,,,31.189,68.62697,,100,,,,,,,,,,,,,,161336,,
ZZZZ,32.01113,4.511017,1.460378,8.355745,,,4.381289,,92.3638,74.63128,10.22618,7.2,,1.576773,,44.6,13228.47,,,5.180383,68.72797,18.36995,,,77.35718,2.494736,0.1642403,53.81849,71.3215,3.599432,96.11852,58.11649,,3.0325,11.73071,0.0004852273,0.3977256,,32.65749,31.22116,,,,,2233937000,29643690000000,71510840000
ZZ_NaN,,,,,88.39,,,66.24766,,,10.80944,,,1.097303,,,15134.33,1.415885,1.248198,,,,,,,,,,,,,,,,,,,,56.50321,37.62967,,,22.2,21.4,,,
